{"cameraMode":{"drawMode":0,"name":"Shaded","section":"Shading Mode"},"sceneLighting":false,"audioPlay":false,"sceneViewState":{"showFog":true,"showMaterialUpdate":false,"showSkybox":false,"showFlares":true,"showImageEffects":true,"showParticleSystems":true},"in2DMode":false,"pivot":{"x":0.20222434401512147,"y":0.14687484502792359,"z":-0.7372251749038696},"rotation":{"x":0.26239213347435,"y":-3.5635796535871124e-9,"z":-1.3406260102044598e-8,"w":0.9649622440338135},"size":6.067461013793945,"orthographic":true}